{"userName":"КУБАЧЕЛО 3000","position":{"x":-47.90334701538086,"y":26.98999786376953,"z":-65.49280548095703},"tutorialComplete":true}