{"userName":"КУБАЧЕЛО 3000","position":{"x":-773.1585083007813,"y":32.94499969482422,"z":-562.609375},"tutorialComplete":true,"tutorialSkiped":false}