{"userName":"КУБАЧЕЛО 3000","position":{"x":1177.1844482421875,"y":33.93526077270508,"z":-652.0770874023438},"tutorialComplete":true,"tutorialSkiped":false}