{"userName":"ФРАЕРОК 3000","position":{"x":-55.70587921142578,"y":38.98999786376953,"z":83.47429656982422}}