{"userName":"КУБАЧЕЛО 3000","position":{"x":-217.80136108398438,"y":20.98999786376953,"z":46.300601959228519}}