{"userName":"КУБАЧЕЛО 3000","position":{"x":-221.98927307128907,"y":20.98999786376953,"z":54.33959197998047}}