{"userName":"КУБАЧЕЛО 3000","position":{"x":1181.516845703125,"y":32.94499588012695,"z":-642.3553466796875},"tutorialComplete":true,"tutorialSkiped":false}