{"userName":"КУБАЧЕЛО 3000","position":{"x":41.634681701660159,"y":51.972015380859378,"z":-484.0987243652344}}