{"userName":"КУБАЧЕЛО 3000","position":{"x":1174.237548828125,"y":34.94499588012695,"z":-647.7645874023438},"tutorialComplete":true,"tutorialSkiped":false}