{"userName":"КУБАЧЕЛО 3000","position":{"x":-86.41362762451172,"y":41.98999786376953,"z":-441.5712585449219}}