{"userName":"КУБАЧЕЛО 3000","position":{"x":1203.4932861328125,"y":29.94499969482422,"z":-660.0924072265625},"tutorialComplete":true,"tutorialSkiped":false}