{"userName":"КУБАЧЕЛО 3000","position":{"x":-770.8161010742188,"y":32.94499588012695,"z":-560.217041015625},"tutorialComplete":true,"tutorialSkiped":false}