{"userName":"КУБАЧЕЛО 3000","position":{"x":-144.18150329589845,"y":33.94499588012695,"z":-8.047134399414063},"tutorialComplete":true,"tutorialSkiped":false}