{"userName":"КУБАЧЕЛО 3000","position":{"x":8.767178535461426,"y":41.98999786376953,"z":-121.49915313720703}}