{"userName":"КУБАЧЕЛО 3000","position":{"x":-151.41629028320313,"y":27.98999786376953,"z":31.176847457885743}}