{"userName":"КУБАЧЕЛО 3000","position":{"x":-310.340087890625,"y":84.98999786376953,"z":1869.2237548828125}}