{"userName":"КУБАЧЕЛО 3000","position":{"x":-92.2746810913086,"y":25.98999786376953,"z":5.909396648406982}}