{"userName":"МЯСКО НАРЕЗАЛ","position":{"x":-53.48628616333008,"y":39.98999786376953,"z":87.82620239257813}}