{"userName":"КУБАЧЕЛО 3000","position":{"x":187.37081909179688,"y":35.94499588012695,"z":4543.40234375},"tutorialComplete":true}