{"userName":"КУБАЧЕЛО 3000","position":{"x":-290.1623840332031,"y":34.94499588012695,"z":-350.7948303222656},"tutorialComplete":true,"tutorialSkiped":false}