{"userName":"КУБАЧЕЛО 3000","position":{"x":1176.31884765625,"y":34.94499588012695,"z":-646.7169189453125},"tutorialComplete":true,"tutorialSkiped":false}