{"userName":"КУБАЧЕЛО 3000","position":{"x":-295.150146484375,"y":39.98999786376953,"z":155.55108642578126},"tutorialComplete":true}