{"userName":"КУБАЧЕЛО 3000","position":{"x":1172.26025390625,"y":33.94499588012695,"z":-650.1629028320313},"tutorialComplete":true,"tutorialSkiped":false}