{"userName":"КУБАЧЕЛО 3000","position":{"x":181.35804748535157,"y":39.94499588012695,"z":4531.26123046875},"tutorialComplete":true}