{"userName":"КУБАЧЕЛО 3000","position":{"x":-224.19363403320313,"y":20.98999786376953,"z":56.3284797668457},"tutorialComplete":true}