{"userName":"КУБАЧЕЛО 3000","position":{"x":1175.9656982421875,"y":44.932899475097659,"z":-647.0857543945313},"tutorialComplete":true,"tutorialSkiped":false}