{"userName":"КУБАЧЕЛО 3000","position":{"x":-206.00860595703126,"y":20.98999786376953,"z":49.44864273071289}}