{"userName":"КУБАЧЕЛО 3000","position":{"x":1171.71044921875,"y":37.94499588012695,"z":-646.7889404296875},"tutorialComplete":true,"tutorialSkiped":false}