{"userName":"КУБАЧЕЛО 3000","position":{"x":-43.70209884643555,"y":16.98999786376953,"z":38.54733657836914},"tutorialComplete":true}