{"userName":"ФРАЕРОК 3000","position":{"x":-40.854698181152347,"y":39.98999786376953,"z":94.72843170166016}}