{"userName":"КУБАЧЕЛО 3000","position":{"x":-219.64859008789063,"y":20.98999786376953,"z":52.52165985107422}}