{"userName":"КУБАЧЕЛО 3000","position":{"x":1177.987060546875,"y":32.94499588012695,"z":-655.8828735351563},"tutorialComplete":true,"tutorialSkiped":false}