{"userName":"КУБАЧЕЛО 3000","position":{"x":181.36141967773438,"y":39.94499588012695,"z":4531.2900390625},"tutorialComplete":true}