{"userName":"КУБАЧЕЛО 3000","position":{"x":-789.2276611328125,"y":38.94499588012695,"z":-289.01617431640627},"tutorialComplete":true,"tutorialSkiped":false}