{"userName":"КУБАЧЕЛО 3000","position":{"x":-244.78591918945313,"y":17.98999786376953,"z":-441.5389709472656}}