{"userName":"КУБАЧЕЛО 3000","position":{"x":-296.5011291503906,"y":39.94499588012695,"z":-356.76898193359377},"tutorialComplete":true,"tutorialSkiped":false}