{"userName":"КУБАЧЕЛО 3000","position":{"x":1168.3165283203125,"y":34.94499588012695,"z":-650.3330078125},"tutorialComplete":true,"tutorialSkiped":false}