{"userName":"КУБАЧЕЛО 3000","position":{"x":-195.98252868652345,"y":15.989997863769532,"z":0.8756236433982849},"tutorialComplete":true}