{"userName":"КУБАЧЕЛО 3000","position":{"x":-200.60348510742188,"y":32.94499588012695,"z":-32.589141845703128},"tutorialComplete":true,"tutorialSkiped":false}