{"userName":"КУБАЧЕЛО 3000","position":{"x":1176.55126953125,"y":39.94499588012695,"z":-644.6773681640625},"tutorialComplete":true,"tutorialSkiped":false}