{"userName":"ФРАЕРОК 760","position":{"x":-73.35028839111328,"y":27.989999771118165,"z":-283.9296875}}