{"userName":"КУБАЧЕЛО 3000","position":{"x":1172.4879150390625,"y":33.94499588012695,"z":-650.7415161132813},"tutorialComplete":true,"tutorialSkiped":false}