{"userName":"КУБАЧЕЛО 3000","position":{"x":240.44857788085938,"y":16.94499969482422,"z":17.12077522277832},"tutorialComplete":true,"tutorialSkiped":false}