{"userName":"КУБАЧЕЛО 3000","position":{"x":-208.771484375,"y":34.98999786376953,"z":52.22762680053711},"tutorialComplete":true}