{"userName":"КУБАЧЕЛО 3000","position":{"x":13044.6171875,"y":30.94499969482422,"z":593.9832153320313},"tutorialComplete":true}