{"userName":"КУБАЧЕЛО 3000","position":{"x":-311.3078918457031,"y":48.98999786376953,"z":-193.31687927246095},"tutorialComplete":true}