{"userName":"КУБАЧЕЛО 3000","position":{"x":1174.9041748046875,"y":33.94499969482422,"z":-649.3983154296875},"tutorialComplete":true,"tutorialSkiped":false}