{"userName":"КУБАЧЕЛО 3000","position":{"x":1170.5167236328125,"y":34.94499588012695,"z":-651.6492919921875},"tutorialComplete":true,"tutorialSkiped":false}