{"userName":"КУБАЧЕЛО 3000","position":{"x":-199.22119140625,"y":32.94499588012695,"z":-41.0675048828125},"tutorialComplete":true}