{"userName":"КУБАЧЕЛО 3000","position":{"x":-815.1595458984375,"y":28.94499969482422,"z":-568.2000732421875},"tutorialComplete":true,"tutorialSkiped":false}