{"userName":"КУБАЧЕЛО 3000","position":{"x":-197.19381713867188,"y":32.94499588012695,"z":-44.189334869384769},"tutorialComplete":true}