{"userName":"КУБАЧЕЛО 3000","position":{"x":1276.046875,"y":44.94499588012695,"z":-787.5791625976563},"tutorialComplete":true,"tutorialSkiped":false}