{"userName":"КУБАЧЕЛО 3000","position":{"x":-329.92962646484377,"y":29.98999786376953,"z":166.3129119873047},"tutorialComplete":true}