{"userName":"КУБАЧЕЛО 3000","position":{"x":47.362979888916019,"y":37.98999786376953,"z":-22.908430099487306}}