{"userName":"КУБАЧЕЛО 3000","position":{"x":-198.1455078125,"y":32.94499588012695,"z":-25.948549270629884},"tutorialComplete":true}