{"userName":"КУБАЧЕЛО 3000","position":{"x":1169.1822509765625,"y":34.94499588012695,"z":-650.618896484375},"tutorialComplete":true,"tutorialSkiped":false}