{"userName":"КУБАЧЕЛО 3000","position":{"x":-326.3184509277344,"y":15.989997863769532,"z":-122.57035827636719},"tutorialComplete":true}