{"userName":"КУБАЧЕЛО 3000","position":{"x":1298.498046875,"y":45.94499969482422,"z":-809.345458984375},"tutorialComplete":true,"tutorialSkiped":false}