{"userName":"КУБАЧЕЛО 3000","position":{"x":1166.4742431640625,"y":33.94499588012695,"z":-645.0238647460938},"tutorialComplete":true,"tutorialSkiped":false}