{"userName":"КУБАЧЕЛО 3000","position":{"x":-13.907559394836426,"y":24.989999771118165,"z":-442.73382568359377}}