{"userName":"КУБАЧЕЛО 3000","position":{"x":-198.5493621826172,"y":36.98999786376953,"z":47.445213317871097},"tutorialComplete":true}