{"userName":"КУБАЧЕЛО 3000","position":{"x":518.4917602539063,"y":47.98999786376953,"z":-241.2928466796875}}