{"userName":"КУБАЧЕЛО 3000","position":{"x":164.37841796875,"y":31.944995880126954,"z":4525.2880859375},"tutorialComplete":true}