{"userName":"КУБАЧЕЛО 3000","position":{"x":-231.86073303222657,"y":19.98999786376953,"z":30.996692657470704}}