{"userName":"КУБАЧЕЛО 3000","position":{"x":1203.859130859375,"y":29.94499969482422,"z":-661.8961181640625},"tutorialComplete":true,"tutorialSkiped":false}