{"userName":"КУБАЧЕЛО 3000","position":{"x":29.24870491027832,"y":9.989998817443848,"z":143.4974822998047}}