{"userName":"КУБАЧЕЛО 3000","position":{"x":-208.19644165039063,"y":33.98999786376953,"z":43.74775314331055},"tutorialComplete":true}