{"userName":"КУБАЧЕЛО 3000","position":{"x":200.18301391601563,"y":32.94499588012695,"z":44.87019348144531},"tutorialComplete":true,"tutorialSkiped":false}