{"userName":"КУБАЧЕЛО 3000","position":{"x":1286.17333984375,"y":42.94499588012695,"z":-722.5183715820313},"tutorialComplete":true,"tutorialSkiped":false}