{"userName":"КУБАЧЕЛО 3000","position":{"x":-293.3310241699219,"y":36.94499588012695,"z":-329.3044738769531},"tutorialComplete":true,"tutorialSkiped":false}