{"userName":"КУБАЧЕЛО 3000","position":{"x":-145.24525451660157,"y":33.94499969482422,"z":-4.9557671546936039},"tutorialComplete":true,"tutorialSkiped":false}