{"userName":"КУБАЧЕЛО 3000","position":{"x":-198.9250946044922,"y":37.94499588012695,"z":54.10502624511719},"tutorialComplete":true}