{"userName":"КУБАЧЕЛО 3000","position":{"x":-179.60411071777345,"y":6.990000247955322,"z":24.181873321533204}}