{"userName":"КУБАЧЕЛО 3000","position":{"x":-123.26713562011719,"y":-13.055000305175782,"z":4.440690994262695},"tutorialComplete":true}