{"userName":"КУБАЧЕЛО 3000","position":{"x":-133.5762481689453,"y":37.94499588012695,"z":5.4185638427734379},"tutorialComplete":true,"tutorialSkiped":false}