{"userName":"КУБАЧЕЛО 3000","position":{"x":1179.9537353515625,"y":31.944995880126954,"z":-657.5987548828125},"tutorialComplete":true,"tutorialSkiped":false}