{"userName":"КУБАЧЕЛО 3000","position":{"x":-198.1812286376953,"y":32.98999786376953,"z":-35.34178161621094},"tutorialComplete":true}