{"userName":"КУБАЧЕЛО 3000","position":{"x":102.10313415527344,"y":29.98999786376953,"z":23.65013313293457}}