{"userName":"КУБАЧЕЛО 3000","position":{"x":-444.1815185546875,"y":40.98999786376953,"z":-18.143840789794923},"tutorialComplete":true}