{"userName":"КУБАЧЕЛО 3000","position":{"x":-210.62078857421876,"y":34.98999786376953,"z":47.84607696533203},"tutorialComplete":true}