{"userName":"КУБАЧЕЛО 3000","position":{"x":111.7563705444336,"y":28.94499969482422,"z":29.710147857666017},"tutorialComplete":true,"tutorialSkiped":false}