{"userName":"КУБАЧЕЛО 3000","position":{"x":-51.10657501220703,"y":26.989999771118165,"z":-283.3647155761719}}