{"userName":"КУБАЧЕЛО 3000","position":{"x":-30.111173629760743,"y":24.989999771118165,"z":29.079179763793947}}