{"userName":"КУБАЧЕЛО 3000","position":{"x":1175.396240234375,"y":33.94499588012695,"z":-651.460205078125},"tutorialComplete":true,"tutorialSkiped":false}