{"userName":"КУБАЧЕЛО 3000","position":{"x":-219.43104553222657,"y":22.692548751831056,"z":-31.437345504760743},"tutorialComplete":true}