{"userName":"КУБАЧЕЛО 3000","position":{"x":-52.16559600830078,"y":26.98999786376953,"z":-278.91107177734377}}