{"userName":"КУБАЧЕЛО 3000","position":{"x":-204.08743286132813,"y":31.944995880126954,"z":148.8184051513672},"tutorialComplete":true,"tutorialSkiped":false}