{"userName":"КУБАЧЕЛО 3000","position":{"x":-195.6540985107422,"y":37.913394927978519,"z":48.79597473144531},"tutorialComplete":true}