{"userName":"КУБАЧЕЛО 3000","position":{"x":-122.72014617919922,"y":32.94499588012695,"z":125.3258056640625},"tutorialComplete":true,"tutorialSkiped":false}