{"userName":"КУБАЧЕЛО 3000","position":{"x":-225.5979461669922,"y":20.98999786376953,"z":42.360904693603519}}