{"userName":"КУБАЧЕЛО 3000","position":{"x":-88.13414001464844,"y":40.94499588012695,"z":60.478031158447269},"tutorialComplete":true,"tutorialSkiped":false}