{"userName":"ФРАЕРОК 3000","position":{"x":-11.805487632751465,"y":22.98999786376953,"z":-11.091187477111817}}