{"userName":"КУБАЧЕЛО 3000","position":{"x":1171.6802978515625,"y":33.94499969482422,"z":-645.7300415039063},"tutorialComplete":true,"tutorialSkiped":false}