{"userName":"ФРАЕРОК 3000","position":{"x":-4.446095943450928,"y":26.98999786376953,"z":21.957977294921876}}