{"userName":"КУБАЧЕЛО 3000","position":{"x":-0.30000004172325137,"y":23.98999786376953,"z":1.2389260530471802}}