{"userName":"КУБАЧЕЛО 3000","position":{"x":-199.5523681640625,"y":32.94499588012695,"z":-36.55058288574219},"tutorialComplete":true}