{"userName":"КУБАЧЕЛО 3000","position":{"x":-148.58482360839845,"y":33.94499588012695,"z":6.374411582946777},"tutorialComplete":true,"tutorialSkiped":false}