{"userName":"КУБАЧЕЛО 3000","position":{"x":175.00531005859376,"y":38.944950103759769,"z":4538.8017578125},"tutorialComplete":true}