{"userName":"КУБАЧЕЛО 3000","position":{"x":-403.2971496582031,"y":44.98999786376953,"z":-292.35369873046877},"tutorialComplete":true}