{"userName":"КУБАЧЕЛО 3000","position":{"x":-97.80049896240235,"y":35.98999786376953,"z":-85.50555419921875}}