{"userName":"КУБАЧЕЛО 3000","position":{"x":-16.270090103149415,"y":23.98999786376953,"z":-15.448105812072754}}