{"userName":"КУБАЧЕЛО 3000","position":{"x":1290.3043212890625,"y":45.94499969482422,"z":-806.8577270507813},"tutorialComplete":true,"tutorialSkiped":false}