{"userName":"КУБАЧЕЛО 3000","position":{"x":-212.87509155273438,"y":20.98999786376953,"z":53.444496154785159},"tutorialComplete":false}