{"userName":"КУБАЧЕЛО 3000","position":{"x":-214.4078826904297,"y":20.98999786376953,"z":52.726871490478519}}