{"userName":"КУБАЧЕЛО 3000","position":{"x":-87.08171844482422,"y":42.98999786376953,"z":-430.43328857421877}}