{"userName":"КУБАЧЕЛО 3000","position":{"x":193.56724548339845,"y":32.94499588012695,"z":36.26005172729492},"tutorialComplete":true,"tutorialSkiped":false}