{"userName":"КУБАЧЕЛО 3000","position":{"x":1180.8643798828125,"y":33.94499588012695,"z":-648.1434936523438},"tutorialComplete":true,"tutorialSkiped":false}