{"userName":"КУБАЧЕЛО 3000","position":{"x":-223.85415649414063,"y":20.98999786376953,"z":58.628570556640628},"tutorialComplete":true}