{"userName":"КУБАЧЕЛО 3000","position":{"x":-126.84041595458985,"y":47.94499588012695,"z":-337.6545104980469},"tutorialComplete":true}