{"userName":"КУБАЧЕЛО 3000","position":{"x":1219.3582763671875,"y":29.94500160217285,"z":-653.8094482421875},"tutorialComplete":true,"tutorialSkiped":false}