{"userName":"КУБАЧЕЛО 3000","position":{"x":-221.40780639648438,"y":20.98999786376953,"z":47.43299865722656}}