{"userName":"ФРАЕРОК 3000","position":{"x":-4.300294399261475,"y":26.98999786376953,"z":22.2847900390625}}