{"userName":"КУБАЧЕЛО 3000","position":{"x":-63.74320983886719,"y":32.98999786376953,"z":-472.4472351074219}}