{"userName":"КУБАЧЕЛО 3000","position":{"x":-102.43829345703125,"y":40.94499588012695,"z":31.739856719970704},"tutorialComplete":true,"tutorialSkiped":false}