{"userName":"КУБАЧЕЛО 3000","position":{"x":-66.87946319580078,"y":26.98078727722168,"z":16.92877197265625}}