{"userName":"КУБАЧЕЛО 3000","position":{"x":-304.7514953613281,"y":39.98999786376953,"z":154.46876525878907},"tutorialComplete":true}