{"userName":"КУБАЧЕЛО 3000","position":{"x":-109.49384307861328,"y":39.94499588012695,"z":94.21686553955078},"tutorialComplete":true,"tutorialSkiped":false}