{"userName":"КУБАЧЕЛО 3000","position":{"x":-82.094482421875,"y":25.98999786376953,"z":19.88749122619629}}