{"userName":"КУБАЧЕЛО 3000","position":{"x":1286.195556640625,"y":42.94499588012695,"z":-722.8070068359375},"tutorialComplete":true,"tutorialSkiped":false}