{"userName":"КУБАЧЕЛО 3000","position":{"x":-197.49757385253907,"y":37.94499588012695,"z":54.95573806762695},"tutorialComplete":true}