{"userName":"КУБАЧЕЛО 3000","position":{"x":1208.7838134765625,"y":31.944995880126954,"z":-677.2103271484375},"tutorialComplete":true,"tutorialSkiped":false}