{"userName":"КУБАЧЕЛО 3000","position":{"x":-768.8468017578125,"y":32.94499588012695,"z":-560.064697265625},"tutorialComplete":true,"tutorialSkiped":false}