{"userName":"КУБАЧЕЛО 3000","position":{"x":1169.2247314453125,"y":33.94499588012695,"z":-652.6240234375},"tutorialComplete":true,"tutorialSkiped":false}