{"userName":"КУБАЧЕЛО 3000","position":{"x":29.15610694885254,"y":9.989998817443848,"z":142.52769470214845}}