{"userName":"КУБАЧЕЛО 3000","position":{"x":-217.13552856445313,"y":20.98999786376953,"z":53.54207229614258}}