{"userName":"КУБАЧЕЛО 3000","position":{"x":1169.6038818359375,"y":33.94499588012695,"z":-647.2295532226563},"tutorialComplete":true,"tutorialSkiped":false}