{"userName":"КУБАЧЕЛО 3000","position":{"x":-203.46595764160157,"y":32.94499588012695,"z":-34.0622444152832},"tutorialComplete":true}