{"userName":"КУБАЧЕЛО 3000","position":{"x":-62.377037048339847,"y":28.98999786376953,"z":26.548791885375978}}