{"userName":"КУБАЧЕЛО 3000","position":{"x":-775.57666015625,"y":40.94499588012695,"z":-559.52001953125},"tutorialComplete":true,"tutorialSkiped":false}