{"userName":"КУБАЧЕЛО 3000","position":{"x":-193.9067840576172,"y":37.94499588012695,"z":56.02174377441406},"tutorialComplete":true}