{"userName":"КУБАЧЕЛО 3000","position":{"x":-671.6891479492188,"y":41.94499588012695,"z":2.5942487716674806},"tutorialComplete":true,"tutorialSkiped":false}