{"userName":"ФРАЕРОК 760","position":{"x":-46.3377685546875,"y":37.98999786376953,"z":84.96459197998047}}