{"userName":"КУБАЧЕЛО 3000","position":{"x":-801.8230590820313,"y":28.94499969482422,"z":-570.5603637695313},"tutorialComplete":true,"tutorialSkiped":false}