{"userName":"КУБАЧЕЛО 3000","position":{"x":-44.03519058227539,"y":27.98999786376953,"z":-48.866825103759769}}