{"userName":"КУБАЧЕЛО 3000","position":{"x":-752.4794921875,"y":34.94499588012695,"z":-624.3154296875},"tutorialComplete":true,"tutorialSkiped":false}