{"userName":"КУБАЧЕЛО 3000","position":{"x":1282.47021484375,"y":44.94499588012695,"z":-712.1004028320313},"tutorialComplete":true,"tutorialSkiped":false}