{"userName":"КУБАЧЕЛО 3000","position":{"x":1227.4921875,"y":46.94499588012695,"z":-748.3458251953125},"tutorialComplete":true,"tutorialSkiped":false}