{"x":80.0,"y":0.0,"z":-176.0,"simulatableBlocks":[{"localBlockPos":{"x":9,"y":13,"z":1,"magnitude":15.8429794,"sqrMagnitude":251},"blockID":4,"changed":"2025-03-10T03:13:24.1478786+03:00"}]}